{"loss": [1.6816859245300293, 1.1723015308380127], "accuracy": [0.4417800009250641, 0.5973399877548218], "val_loss": [1.4430996179580688, 1.3963121175765991], "val_accuracy": [0.49219998717308044, 0.5184999704360962]}