{"loss": [1.6678531169891357, 1.2008415460586548, 1.0087159872055054, 0.8877900242805481, 0.8008672595024109, 0.7315747737884521, 0.6831225752830505, 0.6299394369125366, 0.5893104672431946, 0.5522190928459167, 0.5199704766273499, 0.4834149181842804, 0.461377888917923, 0.4352829158306122, 0.40451616048812866, 0.39375394582748413, 0.3733330965042114, 0.3492546081542969, 0.330248087644577, 0.3168373703956604, 0.30298131704330444, 0.29023098945617676, 0.27716317772865295, 0.27417710423469543, 0.2603152096271515, 0.2524704337120056, 0.23940791189670563, 0.23101595044136047, 0.2198610007762909, 0.21049992740154266, 0.20735491812229156, 0.20629148185253143, 0.19683119654655457, 0.18796253204345703, 0.18235819041728973, 0.18209540843963623, 0.17217732965946198, 0.16966360807418823, 0.16125597059726715, 0.1658734232187271, 0.16888485848903656, 0.15856482088565826, 0.14865946769714355, 0.15106089413166046, 0.14731581509113312, 0.1454526036977768, 0.14240993559360504, 0.14276371896266937, 0.13490937650203705, 0.13624702394008636, 0.12961086630821228, 0.1279394030570984, 0.12639357149600983, 0.12146259844303131, 0.1189216673374176, 0.11833658814430237, 0.11421224474906921, 0.11220665276050568, 0.11261068284511566, 0.11384847015142441, 0.11179600656032562, 0.10978858172893524, 0.10474734008312225, 0.10724204033613205, 0.1047133281826973, 0.10405555367469788, 0.09989751130342484, 0.10166539996862411, 0.10499925911426544, 0.09815750271081924, 0.09480312466621399, 0.09339884668588638, 0.09650055319070816, 0.09913667291402817, 0.09338347613811493, 0.09449295699596405, 0.0911937728524208, 0.09143711626529694, 0.09052053093910217, 0.08818060904741287, 0.09009461104869843, 0.08493604511022568, 0.08117973804473877, 0.08055534958839417, 0.0857783630490303, 0.07880914956331253, 0.08236591517925262, 0.08399160951375961, 0.07933963090181351, 0.07790657877922058, 0.078392393887043, 0.07797987014055252, 0.07723160088062286, 0.07593686878681183, 0.07512305676937103, 0.074971042573452, 0.07394897192716599, 0.07237160205841064, 0.07097432762384415, 0.07156049460172653], "accuracy": [0.4410400092601776, 0.5861799716949463, 0.65038001537323, 0.6917200088500977, 0.7210999727249146, 0.7444199919700623, 0.7601000070571899, 0.7770400047302246, 0.7914400100708008, 0.8041399717330933, 0.8154399991035461, 0.8288999795913696, 0.8364400267601013, 0.8468999862670898, 0.8557800054550171, 0.8594800233840942, 0.8671600222587585, 0.8755800127983093, 0.8829200267791748, 0.8867599964141846, 0.8912000060081482, 0.894760012626648, 0.9012200236320496, 0.9030799865722656, 0.9068400263786316, 0.9098600149154663, 0.914680004119873, 0.9162399768829346, 0.9221400022506714, 0.9241600036621094, 0.9257599711418152, 0.9266999959945679, 0.9302999973297119, 0.9330199956893921, 0.9349600076675415, 0.9347800016403198, 0.9388200044631958, 0.9396799802780151, 0.9426199793815613, 0.9412199854850769, 0.9409599900245667, 0.9429000020027161, 0.9466599822044373, 0.9467999935150146, 0.9483000040054321, 0.9482600092887878, 0.9482799768447876, 0.9488000273704529, 0.9530799984931946, 0.9519400000572205, 0.9542999863624573, 0.9550999999046326, 0.9546599984169006, 0.9574199914932251, 0.9581800103187561, 0.9582800269126892, 0.9587200284004211, 0.959879994392395, 0.9609799981117249, 0.960640013217926, 0.9607200026512146, 0.9614999890327454, 0.9635199904441833, 0.9614800214767456, 0.9623600244522095, 0.9634000062942505, 0.9644200205802917, 0.964680016040802, 0.9634799957275391, 0.9652000069618225, 0.9668800234794617, 0.9667400121688843, 0.9664599895477295, 0.9649800062179565, 0.9670400023460388, 0.9662600159645081, 0.9672999978065491, 0.9682000279426575, 0.9674999713897705, 0.9689599871635437, 0.9683799743652344, 0.9709600210189819, 0.9710999727249146, 0.971560001373291, 0.9711199998855591, 0.9719600081443787, 0.9714999794960022, 0.9706199765205383, 0.9724599719047546, 0.9729599952697754, 0.9729599952697754, 0.9720399975776672, 0.9725599884986877, 0.9737600088119507, 0.9739000201225281, 0.9749400019645691, 0.9744200110435486, 0.9747400283813477, 0.9750000238418579, 0.9745399951934814], "val_loss": [1.4108229875564575, 1.0759568214416504, 0.8426313400268555, 0.7661038637161255, 0.7083544731140137, 0.6879084706306458, 0.6546673774719238, 0.6561882495880127, 0.6169129014015198, 0.7632858753204346, 0.5849522352218628, 0.5808452367782593, 0.564128577709198, 0.7551908493041992, 0.6010714769363403, 0.5818231701850891, 0.5661081075668335, 0.5922214388847351, 0.5862758159637451, 0.5854520201683044, 0.6063253283500671, 0.5704239010810852, 0.5830754637718201, 0.5861808657646179, 0.5945861339569092, 0.5771307945251465, 0.6312182545661926, 0.5969483256340027, 0.6038622856140137, 0.5865261554718018, 0.5804149508476257, 0.6306634545326233, 0.5960451364517212, 0.5849602222442627, 0.6581908464431763, 0.631787121295929, 0.5932938456535339, 0.6119950413703918, 0.5966315865516663, 0.6227389574050903, 0.5890401005744934, 0.6216042041778564, 0.5858091115951538, 0.6403966546058655, 0.6142536401748657, 0.6482952833175659, 0.6141695976257324, 0.6299753189086914, 0.6974974870681763, 0.6423123478889465, 0.6364972591400146, 0.6451409459114075, 0.6311302781105042, 0.6323942542076111, 0.6437622308731079, 0.6751542091369629, 0.6387348771095276, 0.6322110295295715, 0.6407928466796875, 0.6531559228897095, 0.6428184509277344, 0.7657748460769653, 0.6766176819801331, 0.627471923828125, 0.664040207862854, 0.6417719125747681, 0.6268872022628784, 0.6885649561882019, 0.6444798111915588, 0.681056797504425, 0.6499686241149902, 0.6876724362373352, 0.669596791267395, 0.6416930556297302, 0.64683997631073, 0.6824436187744141, 0.6886946558952332, 0.6554797291755676, 0.6473340392112732, 0.6854631304740906, 0.6755699515342712, 0.6877567768096924, 0.6955684423446655, 0.6633301973342896, 0.6624678373336792, 0.6439971327781677, 0.699946403503418, 0.642117977142334, 0.6677911877632141, 0.6407302021980286, 0.6802622675895691, 0.6730789542198181, 0.6669643521308899, 0.6786011457443237, 0.7082817554473877, 0.6564972400665283, 0.6694567799568176, 0.6652835607528687, 0.6830510497093201, 0.6756638884544373],